{"cameraMode":{"drawMode":0,"name":"Shaded","section":"Shading Mode"},"sceneLighting":true,"audioPlay":false,"sceneViewState":{"showFog":true,"showMaterialUpdate":true,"showSkybox":true,"showFlares":true,"showImageEffects":true,"showParticleSystems":true},"in2DMode":false,"pivot":{"x":-14.965750694274903,"y":-7.624553203582764,"z":7.88920259475708},"rotation":{"x":0.4724721908569336,"y":0.025107862427830697,"z":-0.013467163778841496,"w":0.8808891177177429},"size":70.78561401367188,"orthographic":false}