{"cameraMode":{"drawMode":0,"name":"Shaded","section":"Shading Mode"},"sceneLighting":false,"audioPlay":false,"sceneViewState":{"showFog":true,"showMaterialUpdate":true,"showSkybox":false,"showFlares":true,"showImageEffects":true,"showParticleSystems":true},"in2DMode":false,"pivot":{"x":-0.03461170196533203,"y":1.1920928955078126e-7,"z":0.4384760856628418},"rotation":{"x":0.4724721908569336,"y":0.025107862427830697,"z":-0.013467163778841496,"w":0.8808891177177429},"size":23.392784118652345,"orthographic":false}