{"cameraMode":{"drawMode":0,"name":"Shaded","section":"Shading Mode"},"sceneLighting":false,"audioPlay":false,"sceneViewState":{"showFog":true,"showMaterialUpdate":true,"showSkybox":false,"showFlares":true,"showImageEffects":true,"showParticleSystems":true},"in2DMode":false,"pivot":{"x":0.007685184478759766,"y":-9.879499435424805,"z":1.0283422470092774},"rotation":{"x":0.419884592294693,"y":0.20525255799293519,"z":-0.09808952361345291,"w":0.8786093592643738},"size":22.216684341430665,"orthographic":false}