{"cameraMode":{"drawMode":0,"name":"Shaded","section":"Shading Mode"},"sceneLighting":false,"audioPlay":false,"sceneViewState":{"showFog":true,"showMaterialUpdate":true,"showSkybox":false,"showFlares":true,"showImageEffects":true,"showParticleSystems":true},"in2DMode":false,"pivot":{"x":-9.107444763183594,"y":-1.435499668121338,"z":-2.7695398330688478},"rotation":{"x":0.33411917090415957,"y":-0.0902964398264885,"z":0.03217544034123421,"w":0.9376477003097534},"size":13.662511825561524,"orthographic":false}