{"cameraMode":{"drawMode":0,"name":"Shaded","section":"Shading Mode"},"sceneLighting":true,"audioPlay":false,"sceneViewState":{"showFog":true,"showMaterialUpdate":true,"showSkybox":true,"showFlares":true,"showImageEffects":true,"showParticleSystems":true},"in2DMode":false,"pivot":{"x":51.94576644897461,"y":0.27090370655059817,"z":69.38371276855469},"rotation":{"x":0.19721314311027528,"y":0.4094846844673157,"z":-0.09113926440477371,"w":0.8860738277435303},"size":49.192665100097659,"orthographic":false}