{"cameraMode":{"drawMode":0,"name":"Shaded","section":"Shading Mode"},"sceneLighting":true,"audioPlay":false,"sceneViewState":{"showFog":true,"showMaterialUpdate":true,"showSkybox":true,"showFlares":true,"showImageEffects":true,"showParticleSystems":true},"in2DMode":false,"pivot":{"x":-12.935007095336914,"y":9.538530349731446,"z":-2.1922030448913576},"rotation":{"x":0.2554767429828644,"y":0.3701225221157074,"z":-0.10663104057312012,"w":0.886776864528656},"size":58.28594207763672,"orthographic":false}