{"cameraMode":{"drawMode":0,"name":"Shaded","section":"Shading Mode"},"sceneLighting":false,"audioPlay":false,"sceneViewState":{"showFog":true,"showMaterialUpdate":true,"showSkybox":false,"showFlares":true,"showImageEffects":true,"showParticleSystems":true},"in2DMode":false,"pivot":{"x":2.783475399017334,"y":3.9150052070617677,"z":-1.9109177589416505},"rotation":{"x":0.21211208403110505,"y":0.5736329555511475,"z":-0.15690644085407258,"w":0.7754588723182678},"size":9.531940460205079,"orthographic":false}