{"cameraMode":{"drawMode":0,"name":"Shaded","section":"Shading Mode"},"sceneLighting":true,"audioPlay":false,"sceneViewState":{"showFog":true,"showMaterialUpdate":true,"showSkybox":true,"showFlares":true,"showImageEffects":true,"showParticleSystems":true},"in2DMode":false,"pivot":{"x":-7.929917335510254,"y":-7.624553680419922,"z":7.487786769866943},"rotation":{"x":0.4724721908569336,"y":0.025107862427830697,"z":-0.013467163778841496,"w":0.8808891177177429},"size":26.271543502807618,"orthographic":false}