{"cameraMode":{"drawMode":0,"name":"Shaded","section":"Shading Mode"},"sceneLighting":false,"audioPlay":false,"sceneViewState":{"showFog":true,"showMaterialUpdate":true,"showSkybox":false,"showFlares":true,"showImageEffects":true,"showParticleSystems":true},"in2DMode":false,"pivot":{"x":0.00000286102294921875,"y":5.960464477539063e-8,"z":4.76837158203125e-7},"rotation":{"x":0.4724721908569336,"y":0.025107862427830697,"z":-0.013467163778841496,"w":0.8808891177177429},"size":11.730576515197754,"orthographic":false}