{"cameraMode":{"drawMode":0,"name":"Shaded","section":"Shading Mode"},"sceneLighting":false,"audioPlay":false,"sceneViewState":{"showFog":true,"showMaterialUpdate":true,"showSkybox":false,"showFlares":true,"showImageEffects":true,"showParticleSystems":true},"in2DMode":false,"pivot":{"x":0.00000286102294921875,"y":5.960464477539063e-8,"z":4.76837158203125e-7},"rotation":{"x":0.2554767429828644,"y":0.3701225221157074,"z":-0.10663104057312012,"w":0.886776864528656},"size":23.39295196533203,"orthographic":false}