{"cameraMode":{"drawMode":0,"name":"Shaded","section":"Shading Mode"},"sceneLighting":false,"audioPlay":false,"sceneViewState":{"showFog":true,"showMaterialUpdate":true,"showSkybox":false,"showFlares":true,"showImageEffects":true,"showParticleSystems":true},"in2DMode":false,"pivot":{"x":1.1999425888061524,"y":-4.870246887207031,"z":0.3048558533191681},"rotation":{"x":0.2583281993865967,"y":-0.6368476748466492,"z":0.2399347573518753,"w":0.685660719871521},"size":14.296623229980469,"orthographic":false}