{"cameraMode":{"drawMode":0,"name":"Shaded","section":"Shading Mode"},"sceneLighting":true,"audioPlay":false,"sceneViewState":{"showFog":true,"showMaterialUpdate":true,"showSkybox":true,"showFlares":true,"showImageEffects":true,"showParticleSystems":true},"in2DMode":false,"pivot":{"x":698.124755859375,"y":317.673095703125,"z":98.3544921875},"rotation":{"x":0.1301242709159851,"y":-0.009519875980913639,"z":0.0012491795932874084,"w":0.9914529919624329},"size":883.7159423828125,"orthographic":true}