{"cameraMode":{"drawMode":0,"name":"Shaded","section":"Shading Mode"},"sceneLighting":false,"audioPlay":false,"sceneViewState":{"showFog":true,"showMaterialUpdate":true,"showSkybox":false,"showFlares":true,"showImageEffects":true,"showParticleSystems":true},"in2DMode":false,"pivot":{"x":-1.5772196054458619,"y":-0.6700725555419922,"z":-10.576334953308106},"rotation":{"x":-0.004749204497784376,"y":0.988863468170166,"z":-0.14521633088588715,"w":-0.0323469303548336},"size":32.9329833984375,"orthographic":false}